1,Rangel LLC Library,0016022181752917,smoore@example.com
2,May-Gutierrez Library,0012718863265,leslieibarra@example.org
3,Hayes-Kennedy Library,2525670056546,justinbrown@example.net
4,Cunningham Inc Library,166157420132746,danielle05@example.net
5,Wright Inc Library,2907307331,rthompson@example.net
6,Figueroa-Bray Library,6506895747,andrevalenzuela@example.com
7,Chan Ltd Library,4147720047,henryfigueroa@example.com
8,"Ortega, Henderson and Alexander Library",9882429924,jimmy83@example.org
9,Lang-Brown Library,84195639661351,freybrandon@example.net
10,"Flowers, Wilson and Gutierrez Library",8666803731,leejuan@example.org
11,"Baldwin, King and Mills Library",4946917660,cortezronald@example.net
12,"Peterson, Thomas and Juarez Library",0012268470133,jbowers@example.com
13,Prince-Williams Library,9729638744,pramsey@example.org
14,"Adams, Woods and Harris Library",2323597322,ronald07@example.com
15,"Fisher, Ayala and Jones Library",7474219780,ewilson@example.com
16,"Klein, Cain and Shaw Library",17489139772371,pamreid@example.net
17,"Owens, Newton and Dickson Library",19576003150900,smartinez@example.net
18,Ball Group Library,4436434771,alexanderstewart@example.org
19,Perez Inc Library,00194181793411369,igarcia@example.org
20,Carpenter-Clark Library,6806396715,nbell@example.org
