1,hamptonchristopher,V43Ni@Kjo_,qbenitez@example.com,2022-03-09
2,meganmeza,#Yw3nBwg(3,seanwilliams@example.org,2022-05-08
3,ramirezphilip,&e8nvGSp5Y,psmith@example.com,2020-06-13
4,zjackson,eNy4LbQT+k,rhonda01@example.org,2022-07-24
5,simspaula,*MiJlVdKb0,jhernandez@example.net,2020-05-01
6,medinawalter,_BK1OCj@n4,alexandersmith@example.com,2021-09-12
7,patriciashaffer,r7Ak(q2U&L,jwilliams@example.net,2022-08-10
8,crystal36,K9EW&!si(a,rebecca71@example.com,2023-07-28
9,john31,*0+0HMk5(L,andersonjared@example.com,2021-06-19
10,yhunt,JIW(K3zc*6,grahamjoseph@example.net,2020-06-10
11,weaverkathleen,Yn34AqC0u+,levinethomas@example.net,2022-04-06
12,agarrett,IvA&6DzI0o,mattheworr@example.net,2023-06-03
13,ilopez,*dI*i6kT9v,ogarcia@example.com,2020-03-09
14,shanewebb,y6V@daLv%C,molly99@example.org,2023-02-20
15,munozjamie,_1eLSx7K&B,nathan46@example.com,2022-09-18
16,kennethmurray,h&63jJ%co0,sanderskaren@example.com,2021-03-15
17,hansentammy,R9(WCJ%k^L,jamescharles@example.org,2022-05-18
18,yjohnson,*oMSbpvS7h,shaun00@example.org,2023-03-18
19,leahwilliams,1&13ZIeWI*,janice69@example.net,2021-06-12
20,smithjavier,!H+2@K8ha0,denise77@example.org,2021-07-22
21,hmyers,9r5P$)*)F),robertamartinez@example.org,2020-11-23
22,brivera,hJ_88FdQ+#,wyattbrittany@example.net,2020-11-05
23,riverawilliam,(NRF2AxBv(,millerrebecca@example.net,2023-03-05
24,everettlaura,$mL6PVi1%h,uadams@example.net,2023-06-19
25,kleonard,gPBn384yw),patricia85@example.org,2022-07-06
26,dylandavis,&VD6CayQd9,thomas32@example.com,2022-08-19
27,ohubbard,#0@RAtqkb(,nealmike@example.org,2021-09-07
28,melliott,ij4%oePT%2,craiggreen@example.com,2020-04-07
29,luiswilliamson,VohT4Abq$@,woodscarolyn@example.net,2023-11-16
30,heather86,m5E3QLoYC&,obrienalexandra@example.net,2022-06-06
31,cohenalison,hmN)GVCf@3,wattsderrick@example.com,2021-01-10
32,ryan72,*8SKmyaL@0,mark55@example.org,2021-09-08
33,xbutler,3#P7DOEjwu,jwang@example.com,2022-11-01
34,brewerjohnathan,!Vw9Whaa^W,amitchell@example.org,2023-06-12
35,stephen12,3n0BTJQRf*,rebeccamonroe@example.org,2023-03-09
36,aaronburch,^nT4N6hjx5,taylor72@example.com,2020-07-02
37,bakersally,361ZCRa0^O,barbarareynolds@example.net,2020-10-17
38,jmcdonald,QDP!q6eP*2,kimberlyluna@example.com,2023-01-02
39,jasmine91,!_4rYkw#5M,tjordan@example.net,2022-07-27
40,garrett80,(6YkgNVW_u,vmaxwell@example.com,2021-08-14
41,williamsoncassie,i@@7Vuy%o4,lgibbs@example.org,2021-12-27
42,brian71,_qJ^qzx^0t,brenda94@example.net,2021-03-05
43,kaylabowman,92Q5iBRk!H,anthonymorales@example.com,2023-12-11
44,crodriguez,r71DFKYj+u,qmyers@example.com,2021-07-28
45,hallbrittany,kyJ1Fi*p*8,lori18@example.com,2023-01-27
46,cmarshall,!r6mXgUz$%,tonyavazquez@example.org,2023-02-03
47,harperkatrina,*4TJx1lhvY,davidolson@example.org,2022-06-28
48,figueroalaura,!6GxJuGz80,malloryavila@example.com,2022-04-03
49,benjaminwilliams,iMa3E_x)R*,tuckerjonathan@example.net,2021-07-08
50,rayrobert,Y$S7c^Mhqh,luis31@example.org,2022-05-19
51,andersonsarah,i)1Cx4E5Zr,adamclark@example.org,2021-04-20
52,michael53,my9Qvn29V&,jcrawford@example.org,2023-07-11
53,bclark,&R4SMWywkU,mhernandez@example.com,2021-11-25
54,kellimcdonald,%7*XtWgsnD,evansmary@example.org,2022-04-19
55,wbrown,!%9V#xAv5s,fmarshall@example.com,2020-12-07
56,nguyenchristopher,i^1MSIt@^W,parrishcharles@example.org,2020-04-30
57,robertevans,ju0TAq2iK_,vazquezjonathan@example.net,2022-06-25
58,brandyrichardson,KgPtXnEu*6,mary48@example.org,2022-09-14
59,michaela20,bJ5YzcV8(C,melissafoster@example.org,2022-11-16
60,zachary48,+M8ZV*Fout,grobinson@example.net,2023-02-13
61,mthomas,cUB7z5pC(1,courtney54@example.com,2021-08-30
62,brittanygonzalez,%p9s3YNp!N,zacharyhuang@example.org,2022-12-31
63,smithjessica,url0$QkpB#,edavis@example.com,2021-01-08
64,oscarberry,(2b2Dwus*%,xwheeler@example.org,2021-01-08
65,riley51,_3I3*@#Tn(,reynoldsbrandon@example.net,2023-02-10
66,courtneysherman,mi_4oV5hQ1,cassandrapeters@example.org,2022-12-13
67,qwilson,OTt5MLhf++,wvance@example.org,2020-09-15
68,dcamacho,UchHZma4%6,phamsandra@example.org,2021-12-21
69,david88,3#If6joY+v,davidmorris@example.org,2022-04-27
70,ddorsey,_1KBd*G5yJ,sanchezbrian@example.org,2022-08-07
71,tiffany00,^M4NPULa!(,karenrose@example.org,2023-03-28
72,xcarter,QZucm7ofY#,gregoryshannon@example.net,2021-05-26
73,framirez,)hS8JLjeCy,catherine76@example.org,2022-11-09
74,elizabeth03,arDnBBxA!5,bryantcharles@example.org,2020-05-24
75,nathanferguson,%6hKBcwU_4,alexis01@example.org,2022-07-20
76,adamsjason,@_l_9XcPTS,jamesvasquez@example.net,2022-02-22
77,barnesjohn,A!S9dUi2+8,ijones@example.org,2021-09-17
78,lrodriguez,04h89$Gn&C,emorris@example.com,2022-03-29
79,irodriguez,F4I+YFbW&8,daniellebell@example.com,2021-06-27
80,jtyler,Y%H5Eq3^dG,peggyandrews@example.com,2022-02-07
81,kellyrodgers,kZMEbPey+8,jasonlopez@example.net,2022-08-18
82,cgarcia,sum$3Hsm*W,alex09@example.com,2021-02-17
83,gcox,)cMARBqwb0,michael59@example.org,2022-05-09
84,jennifercarey,!27#aIlVZW,steven25@example.com,2020-05-15
85,michaelsanchez,%Oa31N3rC@,lisa86@example.org,2022-07-23
86,qlozano,r3mN7eOh*p,christinedixon@example.net,2023-03-16
87,james22,$i3YH%^s_8,cindyclark@example.org,2021-01-03
88,thartman,*1M9SLlqk(,whitney57@example.com,2020-02-23
89,mreilly,S4GL2Mn1(z,marshallgary@example.net,2023-01-14
90,danielmoore,67cWfvXW(W,gcampbell@example.com,2020-11-21
91,malexander,y*8@A@Dd*),paulasmith@example.com,2022-03-06
92,garzakathleen,Bc0EPGkV!T,masonapril@example.com,2021-07-29
93,alexruiz,m706ZB_d%h,kristenwinters@example.org,2022-10-21
94,hbaker,p(5Lx$1klh,lauren55@example.net,2022-07-07
95,yelliott,2F3zmJTr*W,gschultz@example.com,2020-04-03
96,ahale,I&ck0SnmLq,taylortucker@example.com,2023-10-20
97,hendersondavid,(%Ul!EQAR7,david85@example.org,2022-10-12
98,kathryn33,%+6JAp4fd%,kimberly85@example.org,2020-04-12
99,kimberlyjohnson,p@0M$KbfqI,michelle15@example.com,2022-10-06
100,lisa13,tx0fZxHc#0,garciakenneth@example.com,2021-11-18
101,wwalker,664Po^Xt#5,carlamiller@example.com,2020-10-03
102,caseytamara,$XR8Wrt2q1,emily94@example.org,2023-05-02
103,timothymorales,#T68*UVb$_,wilsonvanessa@example.com,2022-05-07
104,brobertson,$ShUfskj$0,abowers@example.org,2021-01-07
105,christianbrown,1NR)^L2m(R,kimberly14@example.com,2022-11-05
106,randall91,2_Gn0MgP&s,xwood@example.com,2020-06-03
107,dorseymatthew,3NI+xQwf%9,sawyerkathleen@example.org,2020-05-23
108,bonnie12,vUo$Z^Qt$5,lambmichael@example.org,2022-02-15
109,qjohnson,j2OyAJGz_I,susan52@example.net,2023-06-22
110,christopher20,6^R#P^sh!_,joe12@example.net,2020-10-25
111,joelsanchez,!4OCm1#D33,ashley62@example.org,2020-05-24
112,alyssalove,kK@DxBFh)6,riverawanda@example.org,2021-01-10
113,nguyencraig,P@7EwYFQx(,kristy58@example.net,2021-11-10
114,ashley76,n(Ff3O#gNR,matthew29@example.com,2021-04-30
115,zvillegas,!tR6yJEz_E,angela43@example.org,2020-06-06
116,lisa50,a3rYHu@6^z,vickipreston@example.org,2023-07-21
117,shannonbenjamin,@40%&0t(PA,batesangela@example.net,2022-10-04
118,edward10,*2k1#9WRuy,markrodriguez@example.net,2021-10-19
119,skinnerjacob,#eSg)*8a(9,tjohnson@example.net,2022-02-21
120,philip51,qN2zOzKB#q,ruizlaura@example.com,2022-12-08
121,fboyd,WK+s7Xcxi5,sjones@example.net,2020-01-16
122,charles77,W9)XCTy+%R,ellisonjohnny@example.com,2022-02-14
123,jamie84,!NCwe6wIQ7,osborneheather@example.net,2020-03-14
124,rojasnicole,K_)I8U5hvo,kingmeredith@example.com,2020-01-23
125,shelly19,4OMmVN+i@L,alecwebster@example.com,2023-07-17
126,lopezjoseph,)C01G^jiW6,taylorpowell@example.com,2021-07-20
127,gardnernatalie,4!k7P2rIF@,austinderek@example.org,2023-03-17
128,jasonrichardson,@8blEwqib_,jamessilva@example.org,2021-09-28
129,hkelly,_opKnLbf1q,ssutton@example.com,2021-04-29
130,khuynh,U8ATA%Mh$6,manuelsmith@example.org,2020-07-02
131,xtaylor,y1K1ZF+s&%,kevingordon@example.org,2020-12-15
132,twalker,P9Gou636#c,deborah92@example.com,2023-07-15
133,along,Q&K6@UWw$H,uwhitney@example.org,2023-07-18
134,bperez,d5(BMymY%#,yflores@example.com,2023-01-05
135,parsonssamantha,iRRPHmm!*0,dustin33@example.net,2020-09-28
136,paigemonroe,M)0I5mS%ow,whitedavid@example.net,2021-10-15
137,wsimpson,7fz+CRxP*7,pamela35@example.org,2022-08-24
138,catherine25,EgQJHH%l(4,bryantwhitney@example.net,2023-11-22
139,fryematthew,T*7jFD^sIO,anthony47@example.com,2021-11-23
140,schwartzwilliam,!5!KmW_usv,bobby70@example.com,2020-07-29
141,mlambert,11EbGqTn*3,valdezcourtney@example.org,2023-07-23
142,george38,fswdDkk#%7,timothythompson@example.net,2020-07-13
143,jsalas,M5JiOlyH$&,nfoley@example.net,2021-07-26
144,amartinez,_SXzpn%Eb4,justinphillips@example.net,2021-04-23
145,mjackson,!d@uY4UiR5,rwilliams@example.net,2022-07-13
146,brownronald,O#6k&KaMd_,orubio@example.com,2021-07-12
147,chadgonzales,%f44K4VkN#,arosales@example.org,2021-10-05
148,sandrabrown,zGMkg+lG)1,ksummers@example.org,2023-02-03
149,joshua67,R&B74oTt&Z,timothybaker@example.net,2021-04-15
150,kimberlyandrade,j#^3QH6yug,danielle42@example.com,2020-03-31
151,qestrada,r$L4G0DiPu,jessewilliams@example.org,2022-12-27
152,jose05,MDR^D4Xfid,carneyalison@example.org,2022-08-26
153,gonzaleztammy,&(Q65Din*f,kerrimatthews@example.net,2022-08-16
154,jamesneal,$hM5KIcl@6,rlopez@example.net,2023-03-20
155,zmueller,(!SThTus7T,julie79@example.net,2023-03-17
156,nanderson,*Zz2HPuvKs,qmassey@example.com,2021-10-03
157,farrellzachary,TIa5P+kN*T,phunt@example.net,2021-09-10
158,mallorylewis,XxjR1Pdt4!,jasonball@example.net,2022-03-01
159,icarson,)1oDoHs771,allison53@example.com,2022-10-26
160,smithvirginia,0x0rJxGDw@,rewing@example.org,2023-08-11
161,carolmontgomery,Ht02Fe)h%#,curtisantonio@example.com,2020-01-06
162,robersonspencer,EVp8D@Fsi%,cynthiawade@example.com,2022-08-22
163,john57,8YY!&Vn$_#,nathan44@example.com,2021-12-18
164,sandra16,sDG7eOp_*a,rreyes@example.net,2021-06-23
165,paul20,!3Zl9DkY)n,ascott@example.com,2020-08-29
166,mclaughlinarthur,SB%d41MxbC,nancymills@example.org,2021-08-19
167,markjohnston,483+7mJac!,wrightmatthew@example.net,2023-11-19
168,klambert,r$9AilvZ^%,iwhite@example.org,2021-05-12
169,sheriford,ci9^!5Y&W&,melissa75@example.net,2022-07-06
170,anthonyperry,oBRSJki3&8,campbellstephanie@example.net,2020-09-08
171,sototabitha,)H*Y63Xdwj,andrewwells@example.com,2023-09-18
172,fkelly,L&!4GfeI*p,ryanjoseph@example.net,2021-04-17
173,marcusperry,cOF9LQiw)T,mary74@example.net,2022-07-05
174,karajones,Y7SXP9mi)m,oallison@example.org,2020-05-31
175,iwilliamson,!6He^l9v*5,stevensonhelen@example.com,2022-06-28
176,courtney83,_h0U)veh41,murphyrachel@example.com,2023-12-06
177,smithjared,*74GPbYhN8,karencurry@example.org,2022-02-19
178,rosalestyler,$d&y3GcyBo,sharon37@example.org,2023-11-02
179,edwinmckenzie,*u7Q2EdT!E,john66@example.net,2020-04-13
180,littletommy,5@O&%3EkkQ,bensondaniel@example.org,2021-05-23
181,growe,dg5ZC27W&_,gsalazar@example.net,2023-11-04
182,nwebster,+&U2WoKnrj,robert76@example.com,2020-10-18
183,abaldwin,_J0WXQhHz_,hernandezjohnny@example.com,2021-07-18
184,jillian69,Pm(r7Vkdn!,nparrish@example.org,2023-03-11
185,hokeith,_9j(_ZaY(i,geraldduarte@example.com,2023-09-22
186,jschwartz,@2V$+Djn3V,tylercastaneda@example.com,2022-06-26
187,jasondavis,Zc9Bsk9Q0&,amyfuller@example.com,2021-02-07
188,sarah84,*8BEAlg(5z,fullererica@example.com,2023-02-14
189,grahamjerry,HaycF)Mw+6,vtodd@example.com,2021-09-16
190,thomas17,t&f^42ZbWn,vjones@example.net,2021-11-29
191,flemingkenneth,Vew_45Rn6f,bowenderek@example.org,2020-01-26
192,nperkins,$9XbBCqe_X,connor59@example.net,2022-11-30
193,cnolan,^0nMzU@Kp9,knichols@example.net,2021-09-05
194,larsonconnie,oE6XwS@*(f,chaley@example.org,2023-05-02
195,melendezruben,&G3RUbv1Q2,bakerholly@example.net,2023-11-05
196,holmesjoseph,+5IPc!Fy*8,dana71@example.com,2022-11-07
197,kgray,H8MchMAx*7,pbrown@example.org,2023-09-25
198,fvincent,OdF4Ia1b!B,pflores@example.org,2023-11-20
199,wjohnson,Y%T7J^tcyH,ebrown@example.com,2022-01-08
200,hollythompson,B7yOB#$u*!,anthony69@example.net,2021-06-09
